date,TEPIX close
20081206,9178.3
20081207,9130.5
20081208,9089.2
20081210,9023.7
20081213,8973.3
20081214,8907
20081215,8890.7
20081216,8869
20081220,8857.1
20081221,8851.6
20081222,8832.2
20081223,8803.4
20081224,8795.7
20081227,8786.7
20081228,8757.8
20081229,8726.9
20081230,8695
20081231,8656.3
20090103,8641.8
20090104,8619.6
20090105,8596.4
20090110,8575.7
20090111,8542
20090112,8519
20090113,8463.7
20090114,8456.9
20090117,8458.1
20090118,8459.9
20090119,8467.4
20090120,8496.9
20090121,8514.3
20090124,8553.7
20090125,8519.1
20090126,8507.3
20090127,8509.1
20090128,8505.6
20090131,8508.3
20090201,8491.8
20090202,8496.2
20090203,8483.4
20090204,8466.4
20090207,8451.3
20090208,8438
20090209,8423.7
20090211,8430
20090214,8420
20090215,8412.7
20090217,8390.2
20090218,8376.6
20090221,8355.9
20090222,8297
20090223,8266.2
20090225,8248.9
20090228,8243.2
20090301,8226.8
20090302,8216.1
20090303,8200.9
20090304,8185.3
20090307,8133.5
20090308,8111.2
20090309,8096
20090310,8126.5
20090311,8130.4
20090314,8120.3
20090316,7977.1
20090317,7972.3
20090318,7966.5
20090325,7965.6
20090328,7965.8
20090329,7955.4
20090330,7970.3
20090331,7988.7
20090404,8001.6
20090405,8006
20090406,8049
20090407,8077.9
20090408,8111.1
20090411,8153.5
20090412,8175.9
20090413,8203.6
20090414,8252.4
20090415,8251.6
20090418,8290.4
20090419,8348
20090420,8431.2
20090421,8434.9
20090422,8476.4
20090425,8469.1
20090426,8502.6
20090427,8518.1
20090428,8527.8
20090429,8535
20090502,8548.3
20090503,8584.6
20090504,8638.3
20090505,8699.5
20090506,8774.2
20090509,8872.4
20090510,8930.4
20090511,8989.5
20090512,8968.3
20090513,8932.1
20090516,8888
20090517,8919.4
20090518,8963.8
20090519,8956.3
20090520,9000.8
20090523,9042.1
20090524,9019.5
20090525,8971.1
20090526,8934.6
20090527,8953.7
20090530,9001.3
20090531,9000.6
20090601,9006.3
20090602,9032.3
20090603,9081.7
20090606,9121.3
20090607,9195.1
20090608,9235.5
20090609,9278.5
20090610,9343.3
20090613,9365.4
20090614,9310.3
20090615,9299
20090616,9271.1
20090617,9247.2
20090620,9247.7
20090621,9258.4
20090622,9251.8
20090623,9340
20090624,9338.6
20090627,9342.6
20090628,9353.7
20090629,9360.1
20090630,9387.6
20090701,9471
20090704,9470.4
20090705,9452.7
20090707,9457.9
20090711,9438.5
20090712,9415.8
20090713,9352.8
20090714,9374
20090715,9394.6
20090718,9442.2
20090719,9474.5
20090721,9511.1
20090722,9522.2
20090725,9522.9
20090726,9530.3
20090727,9703.7
20090728,9727.1
20090729,9765.6
20090801,9811.2
20090802,9831.2
20090803,9835
20090804,9861.1
20090805,9904.4
20090808,9999
20090809,10044
20090810,10114.2
20090811,10139.4
20090812,10194
20090815,10250.8
20090816,10333.2
20090817,10405.4
20090818,10442.5
20090819,10472.4
20090822,10555.4
20090823,10612.2
20090824,10686.1
20090825,10983.6
20090826,11576.9
20090829,11734.4
20090830,11693.5
20090831,11688.3
20090901,11741
20090902,11747.2
20090905,11678.5
20090906,11634.5
20090907,11589.7
20090908,11639
20090909,11696.5
20090912,11696.5
20090913,11638.4
20090914,11598.7
20090915,11523.6
20090916,11461.1
20090919,11437
20090921,11451.8
20090922,11479.8
20090923,11583
20090926,11620.4
20090927,11588.2
20090928,11559.1
20090929,11555
20090930,11535.8
20091003,11657.3
20091004,11717.3
20091005,11738.2
20091006,11792.8
20091007,11891.1
20091010,11957.9
20091011,11925.4
20091012,11912.3
20091013,11918.3
20091017,11917.8
20091018,11914.1
20091019,11976.4
20091020,12077.3
20091021,12176.3
20091024,12242.8
20091025,12325.8
20091026,12342.6
20091027,12345.1
20091028,12408.4
20091031,12482.4
20091101,12545
20091102,12529.5
20091103,12483.6
20091104,12506
20091107,12576.9
20091108,12565.9
20091109,12581.5
20091110,12426.1
20091111,12381.4
20091114,12403.1
20091115,12361.7
20091116,12325.4
20091117,12241.9
20091118,12176.4
20091121,12086.7
20091122,12003
20091123,11996.3
20091124,12072.6
20091125,12113.4
20091129,12027.6
20091130,11964.9
20091201,11928.9
20091202,11914.6
20091205,11905
20091207,11944.5
20091208,11909.6
20091209,11836.3
20091212,11753.1
20091213,11677.4
20091214,11629.1
20091215,11362.5
20091216,11265.3
20091219,11209.6
20091220,11255.7
20091221,11274.9
20091222,11234.6
20091223,11221.3
20091228,11196.9
20091229,11178.5
20091230,11207.5
20100102,11295.2
20100103,11351.1
20100104,11305.1
20100105,11307.4
20100106,11375.4
20100109,11449.6
20100110,11592.3
20100111,11656.8
20100112,11646.2
20100113,11599.9
20100116,11614.9
20100117,11620.7
20100118,11584
20100119,11569.2
20100120,11569.2
20100123,11617.8
20100124,11684.9
20100125,11705.1
20100126,11752.5
20100127,11802.9
20100130,11750.1
20100131,11724.7
20100201,11709.6
20100202,11721.3
20100203,11751.7
20100206,11715.5
20100207,11686.3
20100208,11666.8
20100209,11660.7
20100210,11694.1
20100214,11760
20100216,11789.7
20100217,11774.2
20100220,11819
20100221,11929
20100222,12008.6
20100223,12010.2
20100224,11993.2
20100227,11963.5
20100228,12009
20100301,12048.9
20100302,12111.1
20100303,12133.4
20100306,12221.3
20100307,12248.9
20100308,12307.2
20100309,12429.1
20100310,12446.8
20100313,12440.5
20100314,12549.1
20100315,12533.6
20100316,12499.7
20100317,12536.7
20100327,12613.9
20100328,12732.1
20100329,12823.9
20100330,12867
20100331,12945
20100403,13135.7
20100404,13320.1
20100405,13317
20100406,13476.5
20100407,13681.2
20100410,13754
20100411,13802.6
20100412,13832.8
20100413,13904
20100414,13903.4
20100417,13815.7
20100418,13935
20100419,14138.3
20100420,14185.7
20100421,14129.2
20100424,14079.9
20100425,14053.3
20100426,14129
20100427,14139.4
20100428,14012.5
20100501,14136.7
20100502,14085.9
20100503,14012.6
20100504,14036.7
20100505,13944.8
20100508,13920.5
20100509,14014.3
20100510,14099.5
20100511,14131.7
20100512,14105.3
20100515,14096.1
20100516,14138.8
20100518,14156.7
20100519,14155.6
20100522,14117.2
20100523,14080.5
20100524,14115.5
20100525,14184.3
20100526,14153.8
20100529,14119.9
20100530,14087.6
20100531,14038.3
20100601,14109
20100602,14182.4
20100606,14164.7
20100607,14135.3
20100608,14148.8
20100609,14055.1
20100612,14114.9
20100613,14180.3
20100614,14288.5
20100615,14394.2
20100616,14372
20100619,14340.6
20100620,14280.9
20100621,14257
20100622,14350.6
20100623,14489.4
20100627,14503
20100628,14500.9
20100629,14545.3
20100630,14552.3
20100703,14561.1
20100704,14504.2
20100705,14553.2
20100706,14571.6
20100707,14718.8
20100711,14883.4
20100712,14981.5
20100713,15005.9
20100714,15080.4
20100717,15118
20100718,15189
20100719,15244.8
20100720,15344.6
20100721,15360.7
20100724,15455.4
20100725,15660.9
20100726,15746.5
20100728,15794.1
20100731,15840.5
20100801,15870
20100802,16078.1
20100803,16281.7
20100804,16317.9
20100807,16606.1
20100808,16625.9
20100809,16674.4
20100810,16841.4
20100811,16995.1
20100814,16864.6
20100815,16701.1
20100816,16766.9
20100817,16910.8
20100818,17009.6
20100821,16974.6
20100822,16957.6
20100823,17116.7
20100824,17152.7
20100825,17233.1
20100828,17401
20100829,17767.8
20100830,17938
20100831,17955.7
20100904,18315.8
20100905,18636.1
20100906,18648.2
20100907,18458.9
20100908,18429.6
20100912,18533.4
20100913,18533.7
20100914,18543.1
20100915,18555.7
20100918,18657.7
20100919,18487.6
20100920,18303.3
20100921,18413
20100922,18548.6
20100925,18673.3
20100926,18527.8
20100927,18405.6
20100928,18535.3
20100929,18671.3
20101002,18790.4
20101003,18762.4
20101005,18749.9
20101006,18871.8
20101009,18937.7
20101010,18642
20101011,18564
20101012,18283
20101013,17902.5
20101016,17973.1
20101017,18111.1
20101018,18343.8
20101019,18292.9
20101020,18229.5
20101023,18324.6
20101024,18163.7
20101025,18035.9
20101026,18006.1
20101027,17956.4
20101030,18034.9
20101031,18011
20101101,17972.9
20101102,17960.5
20101103,17976.7
20101106,18089.8
20101107,18015.9
20101108,17969.5
20101109,18038.5
20101110,18113.4
20101113,18044.3
20101114,18042.1
20101115,18035.6
20101116,18021
20101120,18062.5
20101121,18133.7
20101122,18257.8
20101123,18226.6
20101124,18289.2
20101127,18427.7
20101128,18404.5
20101129,18284.7
20101130,18242.6
20101201,18280
20101204,18292.4
20101205,18319.3
20101206,18291.9
20101207,18317.3
20101208,18371.2
20101211,18460.3
20101212,18443.7
20101213,18414.7
20101214,18414.3
20101218,18366.4
20101219,18203.4
20101220,18249.7
20101221,18353.1
20101222,18398.9
20101225,18585.8
20101226,18723.1
20101227,18689
20101228,18771.4
20101229,18855.2
20110101,18849.1
20110102,18898.1
20110103,19021
20110104,19200.4
20110105,19361.5
20110108,19451.5
20110109,19699.9
20110110,19690.9
20110111,19778.6
20110112,19759.1
20110115,19705.3
20110116,19830.6
20110117,19904.7
20110118,19937.9
20110119,20206.6
20110122,20352.7
20110123,20416
20110124,20462.6
20110126,20684.8
20110129,20905.9
20110130,20877.6
20110131,20997.1
20110201,21349.4
20110205,21810.7
20110206,21840
20110207,21944.4
20110208,21867.4
20110209,21929
20110212,22000.5
20110213,22136.5
20110214,22260.4
20110215,22270.4
20110216,22188.3
20110219,22090.3
20110220,21762.2
20110222,21739.4
20110223,21749.5
20110226,21867.9
20110227,21900.5
20110228,21663.3
20110301,21472.9
20110302,21694
20110305,21843.2
20110306,21929.3
20110307,21891.8
20110308,22033.2
20110309,22062.6
20110312,21895.2
20110313,22008.8
20110314,22236.9
20110315,22455.7
20110316,22803.8
20110319,23294.9
20110326,23756.3
20110327,24199.8
20110328,24287.8
20110329,24486.6
20110330,24486
20110403,24543.6
20110404,25023.3
20110405,25550.4
20110406,25885.1
20110409,26222.7
20110410,26002.6
20110411,26145.2
20110412,26412.7
20110413,26541.9
20110416,26675.9
20110417,26446.6
20110418,26429.2
20110419,26215.4
20110420,26481.5
20110423,26610.1
20110424,26539.7
20110425,26261.5
20110426,26273.6
20110427,25781.8
20110430,25321.7
20110501,24685.3
20110502,25037.7
20110503,25211.2
20110504,25520.2
20110508,25366.6
20110509,25752.7
20110510,26041.7
20110511,26002.8
20110514,26033.6
20110515,25908.5
20110516,25759.7
20110517,25773.4
20110518,25940.8
20110521,26155.6
20110522,26055.5
20110523,26059.8
20110524,25861.9
20110525,25290.7
20110528,25043.4
20110529,24600.6
20110530,24865.3
20110531,25120.9
20110606,25291.8
20110607,25123.1
20110608,25286.5
20110611,25245.1
20110612,25121.7
20110613,25237.5
20110614,25043.3
20110615,24854.8
20110618,25187.4
20110619,25214.1
20110620,25120.9
20110621,25181.6
20110622,25126.1
20110625,25023.5
20110626,24674.9
20110627,24148.6
20110628,24180.5
20110629,24503.5
20110702,24742.2
20110703,24742.7
20110704,24698.3
20110705,24816.6
20110706,24801.1
20110709,24716.9
20110710,24541.1
20110711,24503.8
20110712,24387.1
20110713,24286.7
20110716,24348.9
20110718,24460.7
20110719,24494.6
20110720,24602
20110723,24809.6
20110724,25181.7
20110725,25325.4
20110726,25434.6
20110727,25471.8
20110730,25297.8
20110731,25110.8
20110801,25270
20110802,25284.5
20110803,25316.3
20110806,25008.1
20110807,24923.6
20110808,24970.8
20110809,24596.7
20110810,24875.8
20110813,24997
20110814,25092.8
20110815,25059.3
20110816,25090.5
20110817,25237.6
20110820,25231.6
20110821,25217
20110823,25389.3
20110824,25475.7
20110827,25555.6
20110828,25475.1
20110829,25621.7
20110830,25822
20110903,26083.4
20110904,26254.6
20110905,26360.8
20110906,26714.7
20110907,26930.2
20110910,27098.4
20110911,27099.9
20110912,27058.9
20110913,26933.1
20110914,26836.3
20110917,26855
20110918,26885
20110919,26866.9
20110920,26847.4
20110921,26962.2
20110925,26764.8
20110926,26571.9
20110927,26692.9
20110928,26792.7
20111001,26708.2
20111002,26672.7
20111003,26663.6
20111004,26756.3
20111005,26863.5
20111008,26912.8
20111009,26868.8
20111010,26819.4
20111011,26903
20111012,26844.2
20111015,26668.3
20111016,26291.2
20111017,26159.4
20111018,26158.8
20111019,26207.7
20111022,26150.8
20111023,26049.6
20111024,25875
20111025,25924.8
20111026,25915.4
20111029,25953.3
20111030,25911.3
20111031,25910
20111101,25924.9
20111102,26001.5
20111105,25874.2
20111106,25589.5
20111108,25328.6
20111109,25394.2
20111112,25462.7
20111113,25372.6
20111114,25366.6
20111116,25366.4
20111119,25366.7
20111120,25298.3
20111121,25207.2
20111122,24881
20111123,24568.2
20111126,24468.2
20111127,24056.4
20111128,23977.7
20111129,24089.2
20111130,24016.5
20111203,24116.6
20111204,24356.9
20111207,24662.6
20111210,24688.2
20111211,24546.3
20111212,24554.9
20111213,24618.1
20111214,24590.7
20111217,24528.3
20111218,24604
20111219,24638.2
20111220,24588.5
20111221,24494
20111224,24456.7
20111225,24455.1
20111226,24377.3
20111227,24327.2
20111228,24320.8
20111231,24403.1
20120101,24400.9
20120102,24323.7
20120103,24507
20120104,24839.1
20120107,24887.9
20120108,24854.9
20120109,25082.7
20120110,25207.4
20120111,25440.3
20120115,25755.3
20120116,25903.4
20120117,25692.8
20120118,25811.2
20120121,25772.3
20120123,25620.7
20120125,25540.5
20120128,25723
20120129,25931.3
20120130,25912.9
20120131,25913.8
20120201,25878.2
20120204,25907
20120205,25717.6
20120206,25579.8
20120207,25436.6
20120208,25371.7
20120212,25320.7
20120213,25279.8
20120214,24946.4
20120215,24829.3
20120218,24848.9
20120219,24878.3
20120220,24923.2
20120221,25035.2
20120222,25012.6
20120225,24936.1
20120226,24976.9
20120227,25098.4
20120228,25244.4
20120229,25354.5
20120303,25365.5
20120304,25417.9
20120305,25320.1
20120306,25307.9
20120307,25400.2
20120310,25457.6
20120311,25491.1
20120312,25300
20120313,25265.3
20120314,25481.5
20120317,25607.2
20120318,25905.6
20120324,26280.5
20120325,26502.3
20120326,26408.7
20120327,26533
20120328,26576.2
20120402,26484.8
20120403,26327
20120404,26300.3
20120407,26383.4
20120408,26491.8
20120409,26482.6
20120410,26664.1
20120411,26757.8
20120414,26896.8
20120415,27281.2
20120416,27245.6
20120417,27185.6
20120418,27259.9
20120421,27211.7
20120422,27169.3
20120423,27085.3
20120424,27129.9
20120428,27010.1
20120429,26953.8
20120430,26960
20120501,26969.8
20120502,26964.8
20120505,26935.7
20120506,26932.2
20120507,26886.3
20120508,26870.5
20120509,26871.9
20120512,26743.8
20120513,26658
20120514,26715.2
20120515,26677.3
20120516,26652.6
20120519,26652.1
20120520,26667.7
20120521,26845.8
20120522,26912.7
20120523,27091.2
20120526,26909.5
20120527,26905
20120528,26848.7
20120529,26803.6
20120530,26755.9
20120602,26735.4
20120605,26693
20120606,26635.6
20120609,26365.2
20120610,26264.8
20120611,26411.8
20120612,26440.5
20120613,26439.1
20120616,26406.7
20120617,26325.5
20120619,26291.8
20120620,26165.9
20120623,25938.1
20120624,25681.1
20120625,25558.4
20120626,25325
20120627,25054.6
20120630,25170.7
20120701,25227.2
20120702,25345.5
20120703,25438
20120704,25428.5
20120707,25445.5
20120708,25354.3
20120709,25279.2
20120710,25307.5
20120711,25388.1
20120714,25431.5
20120715,25296.1
20120716,25159.7
20120717,25021.3
20120718,25039.2
20120721,25021.2
20120722,24996
20120723,25029.5
20120724,25094.3
20120725,25088.8
20120728,25023.3
20120729,24747.4
20120730,24550.4
20120731,24584
20120801,24546.7
20120804,24332.6
20120805,24108.5
20120806,24001
20120807,23855.1
20120808,23787.3
20120811,23957.2
20120812,24024.2
20120813,24049.7
20120814,24102.1
20120815,24125.3
20120818,24144.7
20120821,24279.1
20120822,24339.2
20120825,24523.2
20120826,24586.5
20120827,24649
20120902,24730.1
20120903,25055
20120904,25384
20120905,25659.9
20120908,25791.9
20120909,25569.2
20120910,25735.1
20120911,25889.2
20120915,26283.7
20120916,26217.2
20120917,26470.6
20120918,26556.9
20120919,26514.5
20120922,26875.3
20120923,27127.1
20120924,27080.7
20120925,27440.1
20120926,28132.2
20120929,28828.7
20120930,29207.1
20121001,28788.8
20121002,28667.1
20121003,29098.5
20121006,28862.9
20121007,28858.6
20121008,29014.1
20121009,29032.5
20121010,28845.7
20121013,28557.9
20121014,28656.1
20121015,28981.3
20121016,29248.2
20121017,29502
20121020,29992.6
20121021,30211.4
20121022,30671.6
20121023,30615.7
20121024,30749.3
20121027,31121.7
20121028,31160.1
20121029,31221.5
20121030,31331.6
20121031,31082.4
20121104,31205.2
20121105,30736.6
20121106,30940.3
20121107,31282.9
20121110,31220.1
20121111,31015.6
20121112,30978.8
20121113,31215
20121114,31336.4
20121117,31260.3
20121118,31271.2
20121119,31096.5
20121120,31140.9
20121121,31259.5
20121126,31608.9
20121127,32018.1
20121128,32339.5
20121201,32741.5
20121202,33113.5
20121203,33015.7
20121204,33073.4
20121205,33282
20121208,33659.9
20121209,33612.6
20121210,33760.8
20121211,33889.4
20121212,33687
20121215,33949.3
20121216,34090.9
20121217,34669.5
20121218,35106.2
20121219,35760.3
20121222,36040.5
20121223,36829.3
20121224,37530.7
20121225,37366.4
20121226,37798.8
20121229,37622.4
20121230,37116.3
20121231,37860.6
20130101,37987
20130102,37648.5
20130106,37059
20130107,37077
20130108,37314.9
20130109,37441.5
20130113,37786.2
20130114,38082.8
20130115,38322.5
20130116,38343.6
20130119,37898.8
20130120,37627.5
20130121,37284
20130122,36594
20130123,37233.7
20130126,37409.4
20130128,36674.7
20130130,36554.9
20130202,36801.4
20130203,36761.1
20130204,36447
20130205,36505.6
20130206,36913.3
20130209,38205.4
20130211,38394.3
20130212,38640.1
20130213,38611.4
20130216,38655
20130217,38710.3
20130218,38739.4
20130219,38550.8
20130220,38479.2
20130223,38325.8
20130224,37931.1
20130225,37350.6
20130226,37573.7
20130227,37811.6
20130302,37437.2
20130303,37156.1
20130304,37135.9
20130305,36950.6
20130306,36925.1
20130309,36585.5
20130310,37101
20130311,37193.6
20130312,37268.4
20130313,37998.7
20130316,37854.8
20130317,37516.1
20130318,38040.8
20130325,38602.6
20130326,39351.1
20130327,39741.8
20130330,39714.9
20130331,39990.2
20130403,40151.1
20130406,40134.3
20130407,39915.6
20130408,40068
20130409,40606.6
20130410,40533
20130413,40255.1
20130415,40621
20130416,40834.9
20130417,40747.6
20130420,40550.8
20130421,40506
20130422,41133
20130423,41583.8
20130424,42052.4
20130427,42334.2
20130428,42507.7
20130429,43192.3
20130430,43994.3
20130501,44537.1
20130504,44993.5
20130505,44897.9
20130506,44943.7
20130507,44707.4
20130508,44683.9
20130511,45091.4
20130512,45512.7
20130513,44963.3
20130514,44129
20130515,43864.3
20130518,43301
20130519,42795.5
20130520,43047.3
20130521,42855.7
20130522,42777.2
20130525,43485.2
20130526,43910.7
20130527,44107.4
20130528,44470.7
20130529,45162.2
20130601,44945.1
20130602,45247.8
20130603,45590
20130608,45488.2
20130609,45199.1
20130610,45206.5
20130611,45553.4
20130612,45671.9
20130615,46623
20130616,47817.9
20130617,48333.3
20130618,48783
20130619,48916.7
20130622,48539.3
20130623,48631.1
20130625,48634
20130626,49427.4
20130629,50471.1
20130630,51321.3
20130701,52244.1
20130702,51846.3
20130703,52735.2
20130706,54289.7
20130707,54768.6
20130708,54616
20130709,54534.2
20130710,55069.7
20130713,54744
20130714,54298.7
20130715,54509.3
20130716,54235.9
20130717,54433.6
20130720,54872.3
20130721,55101
20130722,55329.3
20130723,55942.4
20130724,56426.3
20130727,56290.3
20130728,56551.9
20130729,56400.2
20130731,57168.2
20130803,57397.2
20130804,57264.4
20130805,57415.9
20130806,57674.8
20130807,58142.6
20130811,58889.9
20130812,59608.5
20130813,59754.8
20130814,59610.2
20130817,60410.3
20130818,59938.6
20130819,60052.2
20130820,59568
20130821,59281.6
20130824,59552.8
20130825,61163.5
20130826,60675.7
20130827,60002.4
20130828,58727.3
20130831,58561
20130901,59057
20130903,58962.9
20130904,58146.1
20130907,57491.6
20130908,57198.1
20130909,57035.4
20130910,58190.4
20130911,59164.6
20130914,59117.4
20130915,59401.5
20130916,59347.7
20130917,60056.4
20130918,60964.1
20130921,62053.2
20130922,61707.2
20130923,62904.8
20130924,63010.2
20130925,63455.3
20130928,64695.4
20130929,65328.8
20130930,65720
20131001,66350
20131002,66506.3
20131005,66662.5
20131006,66997.7
20131007,67019
20131008,67505.3
20131009,68461.5
20131012,69703.5
20131013,70951.5
20131014,71471.8
20131015,72766.5
20131019,74400.2
20131020,73335.6
20131021,73636.1
20131022,72997.7
20131023,73030.7
20131026,73549.8
20131027,72201
20131028,72215
20131029,73167.4
20131030,73553.2
20131102,73504.8
20131103,73766.2
20131104,73733.6
20131105,74438.1
20131106,75868.9
20131109,76959.9
20131110,77118.9
20131111,76895.9
20131112,76932.9
20131116,77673
20131117,77214.2
20131118,77328.1
20131119,78142
20131120,78424.1
20131123,78874.5
20131124,80022.2
20131125,81186.8
20131126,81549.5
20131127,82129.8
20131130,83572.5
20131201,84384.9
20131202,83706.5
20131203,83775.6
20131204,84211.4
20131207,84659.4
20131208,84879.8
20131209,85586.5
20131211,86511.2
20131214,85691.1
20131215,87024.1
20131216,88112.5
20131217,87646.1
20131218,87726.2
20131221,86957.1
20131222,87015.5
20131224,88113.7
20131225,88190.7
20131228,87691.7
20131229,87425.2
20131230,87410
20140101,88177
20140104,88926.7
20140105,89500.6
20140106,89355.7
20140107,88749.3
20140108,88069
20140111,87792.7
20140112,85404.1
20140113,87112.9
20140114,87502.4
20140115,85296.7
20140118,84973.2
20140120,83641.5
20140121,83252.4
20140122,82028.8
20140125,82670.3
20140126,81905.6
20140127,80861.4
20140128,81644.4
20140129,82797.7
20140201,84164.7
20140202,83606.5
20140203,83165
20140204,83170.6
20140205,82214.3
20140208,81066.8
20140209,80949.5
20140210,80240.3
20140212,79136.6
20140215,79153.1
20140216,79769.2
20140217,80603
20140218,80435.7
20140219,80986.5
20140222,81325
20140223,81281.6
20140224,80849.8
20140225,80087.4
20140226,79785.5
20140301,80105
20140302,79584.1
20140303,78518.8
20140304,78072.6
20140305,78447.2
20140308,78231
20140309,77515.6
20140310,77219.5
20140311,76582.7
20140312,76583.4
20140315,77191.3
20140316,77816.2
20140317,78430.8
20140318,78968.1
20140319,79015.4
20140325,79013.5
20140326,78619.4
20140329,78239.7
20140330,78469.2
20140331,78741.3
20140405,78547.7
20140406,77634.7
20140407,77418.6
20140408,77817.5
20140409,77423.9
20140412,76501.8
20140413,74920.7
20140414,73973.4
20140415,73847.6
20140416,74161.2
20140419,73637.8
20140420,74160
20140421,75035.3
20140422,75735.2
20140423,75980.5
20140426,77404.1
20140427,77923.6
20140428,78131.1
20140429,78151.3
20140430,78164.3
20140503,77939
20140504,77569.2
20140505,77763.8
20140506,77717.3
20140507,77752.4
20140510,77931
20140511,77733.6
20140512,77596.1
20140514,77610.3
20140517,76895.3
20140518,76987.5
20140519,76528.9
20140520,76634.4
20140521,76767.6
20140524,76703.9
20140525,76394.2
20140526,76212
20140528,76067.8
20140531,75687.1
20140601,74543.4
20140602,74735.9
20140603,75102.8
20140607,75329.5
20140608,75353.5
20140609,75240.5
20140610,74836.7
20140611,74499.1
20140614,73516
20140615,72631.8
20140616,72748.8
20140617,72638
20140618,72873.1
20140621,72969
20140622,72900.8
20140623,72544.9
20140624,72344.4
20140625,72249.9
20140628,71662
20140629,70970.3
20140630,70341.5
20140701,70423
20140702,70876.6
20140705,72162.2
20140706,71960.2
20140707,71916.6
20140708,73025
20140709,73416.4
20140712,73555.9
20140713,73226.2
20140714,73347.4
20140715,73457.9
20140716,73754.2
20140720,73750.2
20140721,73890.5
20140722,74526.1
20140723,74841.6
20140726,74840.3
20140727,74848
20140728,74997.6
20140802,74841
20140803,74637.4
20140804,74709.2
20140805,74697.5
20140806,74613.8
20140809,74398.6
20140810,74398.9
20140811,74547.5
20140812,74455.1
20140813,74363
20140816,74051
20140817,73952.6
20140818,73906.8
20140819,73902.6
20140820,73905.7
20140823,73868
20140824,73529.5
20140825,73499.9
20140826,73540.9
20140827,73312.2
20140830,72941.8
20140831,72778.4
20140901,72339.8
20140902,72232.4
20140903,72121.5
20140906,71822.4
20140907,71665.4
20140908,71815.2
20140909,71930.1
20140910,71925.4
20140913,71486
20140914,71386.7
20140915,71402.3
20140916,71408.3
20140917,71443.6
20140920,71445
20140921,71545.3
20140922,71685.8
20140923,71726.5
20140924,71788.1
20140927,71702.2
20140928,71643.7
20140929,71675.2
20140930,71664
20141001,71640.5
20141004,71670.1
20141006,71821.5
20141007,71718.9
20141008,71783.7
20141011,71771.7
20141012,71791.5
20141014,71893.1
20141015,71978.6
20141018,72016.5
20141019,72281
20141020,73550.4
20141021,74109.1
20141022,74132.8
20141025,74152
20141026,73940.8
20141027,73958.9
20141028,73967.8
20141029,74151.1
20141101,75028
20141102,75368.6
20141105,76166.6
20141108,76420.5
20141109,76553.4
20141110,76560.8
20141111,76708
20141112,76589.4
20141115,75946.5
20141116,75930.8
20141117,75965.9
20141118,75409.4
20141119,75248.4
20141122,75042.6
20141123,75389.6
20141124,75949
20141125,74740.9
20141126,74076.1
20141129,73245.1
20141130,72189.5
20141201,72120.7
20141202,72258.5
20141203,71860.2
20141206,71712
20141207,71170
20141208,71376.6
20141209,71381.7
20141210,71043
20141214,70291.6
20141215,69542.6
20141216,69608.6
20141217,69494.8
20141220,69537.5
20141222,70094.4
20141224,70153.5
20141227,69705
20141228,69625.5
20141229,69424
20141230,69254.5
20141231,68973.1
20150103,68829.9
20150104,68650.6
20150105,68232.1
20150106,67471
20150107,66902
20150110,66197.9
20150111,65512.8
20150112,66000.1
20150113,65929.1
20150114,65939.1
20150117,66273.3
20150118,66319.2
20150119,65835
20150120,65564.7
20150121,65028.9
20150124,65029.1
20150125,65105
20150126,65114.1
20150127,65127.7
20150128,65256.1
20150131,65542.8
20150201,65544.7
20150202,65555.9
20150203,65597.4
20150204,65771.6
20150207,65787.2
20150208,65366.3
20150209,64917.5
20150210,64840.9
20150214,64932.1
20150215,64926.8
20150216,64993.6
20150217,64811.2
20150218,64720
20150221,64867.1
20150222,64719.9
20150223,64678.4
20150224,64525.8
20150225,64051.7
20150228,63950.9
20150301,63860.1
20150302,63954.8
20150303,63996
20150304,64014.9
20150307,63911.1
20150308,63806.7
20150309,63846.7
20150310,63852.8
20150311,64070.7
20150314,64610.3
20150315,64980.6
20150316,65122.8
20150317,61532.9
20150318,62531.8
20150325,62885
20150328,63625.5
20150329,65099.9
20150330,65175.1
20150331,65728
20150404,67827
20150405,70261.7
20150406,70843.9
20150407,70159.9
20150408,70684.7
20150411,70022.8
20150412,68783.9
20150413,68454.1
20150414,68465.3
20150415,68078.8
20150418,67374
20150419,67378.8
20150420,67016.7
20150421,66828.6
20150422,66569.2
20150425,66540.6
20150426,66208.9
20150427,65576.8
20150428,65508.2
20150429,65634.1
20150503,65088.3
20150504,64415.8
20150505,64168.1
20150506,64069.1
20150509,63530.2
20150510,62885.9
20150511,63069.8
20150512,63316
20150513,63531.4
20150517,63465.1
20150518,63522.8
20150519,63644.3
20150520,63703.1
20150523,63427.8
20150524,63363.8
20150525,63496.5
20150526,63419.1
20150527,63402.1
20150530,63419.9
20150531,63227.9
20150601,63227
20150602,63289.8
20150606,63297.6
20150607,63187.3
20150608,62952.3
20150609,62317.9
20150610,62322.2
20150613,62571.2
20150614,62653.3
20150615,62442
20150616,62558.9
20150617,63559.7
20150620,63836.2
20150621,63810.7
20150622,64276.5
20150623,64839.5
20150624,64857.6
20150627,64812.2
20150628,64301.4
20150629,64332.9
20150630,64922.6
20150701,64861.8
20150704,65860.8
20150705,65780.1
20150706,66019.9
20150707,66761.4
20150711,66817.8
20150712,67646.4
20150713,69194.5
20150714,69433.5
20150715,68827.7
20150720,68148.4
20150721,68050.7
20150722,67643.9
20150725,67036.3
20150726,66977.4
20150727,66441.4
20150728,66489.5
20150729,66780.7
20150801,66829.7
20150802,66530.5
20150803,66626.7
20150804,66445.7
20150805,66451
20150808,66000.9
20150809,65973.5
20150810,65903.1
20150812,65703.3
20150815,65314.3
20150816,65239.9
20150817,65302.5
20150818,65189.4
20150819,65218.3
20150822,65225
20150823,64881.4
20150824,64651.6
20150825,64197.3
20150826,64206.2
20150829,64451.3
20150830,64467.3
20150831,64225.8
20150901,64251
20150902,64276.2
20150905,64497
20150906,64506.6
20150907,64518.4
20150908,64511.7
20150909,63467.7
20150912,63482.5
20150913,62958.2
20150914,62993
20150915,62536.5
20150916,62264.5
20150919,62254.7
20150920,61553.2
20150921,61328
20150922,61576.8
20150923,61686
20150926,61530.9
20150927,61563
20150928,61568.9
20150929,61578.8
20150930,61498.3
20151003,61217.4
20151004,61163.7
20151005,61233.6
20151006,61209.8
20151007,61389.8
20151010,61396.9
20151011,61287.1
20151012,61296.6
20151013,61434.4
20151014,61973.3
20151017,62799.1
20151018,63071.4
20151019,63126.7
20151020,63142
20151021,63175
20151025,62792.8
20151026,62803.3
20151027,62923
20151028,62923.7
20151031,62948.6
20151101,62942.7
20151102,62855.7
20151103,62811.6
20151104,62927.4
20151107,63000.4
20151108,62999.2
20151109,63035.7
20151110,63044.3
20151111,63056.4
20151114,63070.6
20151115,63083.5
20151116,63108.6
20151117,63013.6
20151118,62871.3
20151121,62889
20151122,62923.9
20151123,62795.7
20151124,62720.9
20151125,62734.6
20151128,62635.4
20151129,62639.1
20151130,62647.7
20151201,62550
20151205,62577.1
20151206,62420.2
20151207,62374.8
20151208,62392.4
20151209,62409.8
20151213,62310.7
20151214,62216.3
20151215,62233.3
20151216,62147.3
20151219,61734
20151220,61501.5
20151221,61518.5
20151222,61414.2
20151223,61420.7
20151226,61436.9
20151227,61455.3
20151228,61469.3
20151230,61691
20160102,61700.1
20160103,61710.2
20160104,61728.1
20160105,62055.9
20160106,62632.8
20160109,62655
20160110,62461
20160111,62788.7
20160112,62841.2
20160113,63516.9
20160116,64860.9
20160117,65424.1
20160118,65119.5
20160119,66118.1
20160120,66562.5
20160123,66960.4
20160124,67740.1
20160125,68857.5
20160126,70999.5
20160127,71011
20160130,71393.9
20160131,71118.8
20160201,72912.8
20160202,73725.5
20160203,73684
20160206,74103.6
20160207,74569.4
20160208,75783.8
20160209,78199.1
20160210,77497.9
20160213,76594.2
20160214,76709.5
20160215,77377.5
20160216,77141.6
20160217,77888
20160220,77560.9
20160221,77234.9
20160222,77587.7
20160223,77704
20160224,77840.2
20160227,78228.3
20160228,77733.8
20160229,77539.2
20160301,77648.8
20160302,77697.8
20160305,78022.2
20160306,78093
20160307,78158.4
20160308,78220
20160309,78312.1
20160312,79366.5
20160314,80236.7
20160315,80037.5
20160316,80219.4
20160326,81200.3
20160327,81261
20160328,80935.7
20160329,80561.3
20160330,81480.4
20160402,81536.9
20160403,80852.7
20160404,80872.1
20160405,80965.8
20160406,80752.7
20160409,80654
20160410,80280.7
20160411,80262.4
20160412,80109.3
20160413,79588.3
20160416,77984.8
20160417,77516.2
20160418,78435.4
20160419,78430.9
20160420,78269
20160423,78281.7
20160424,78448.3
20160425,78688.4
20160426,78394.4
20160427,78404.7
20160430,78414.6
20160501,78384.4
20160502,78285.4
20160503,78044.4
20160504,78033.8
20160507,77423.9
20160508,77045.3
20160509,77106
20160510,76630.4
20160511,75982.6
20160514,76138.6
20160515,75863.2
20160516,75980.5
20160517,76292.9
20160518,76413.3
20160521,76448.3
20160523,76613.9
20160524,76692.8
20160525,76853
20160528,76690.6
20160529,76387
20160530,76431.5
20160531,76144.2
20160601,76084.2
20160605,76160.6
20160606,76128.6
20160607,75874.5
20160608,75876.2
20160611,74850.1
20160612,74817.8
20160613,74700.5
20160614,73959.7
20160615,73877.1
20160618,73906.5
20160619,73027.9
20160620,72615
20160621,72799.2
20160622,73644.8
20160625,73672
20160626,73743.5
20160628,74190.5
20160629,73940.3
20160702,73965.5
20160703,74064
20160704,73947.2
20160705,74049.1
20160709,73716.6
20160710,73764.2
20160711,73816.7
20160712,73736
20160713,73763
20160716,73868
20160717,74194.8
20160718,74196.9
20160719,74313.6
20160720,74514.1
20160723,74934.3
20160724,75183.9
20160725,75466.5
20160726,75501
20160727,76225.7
20160731,76579.7
20160801,76647.4
20160802,77089.8
20160803,77882.9
20160806,78324.9
20160807,78704.6
20160808,78324.9
20160809,78368.4
20160810,78190.5
20160813,78218.8
20160814,78205.1
20160815,77828.8
20160816,77855.5
20160817,77879
20160820,77968.7
20160821,78086.4
20160822,78086.1
20160823,77964
20160824,78081.5
20160827,77757.6
20160828,77313.6
20160829,77345.6
20160830,77358.6
20160831,77167.9
20160903,76747
20160904,76509.4
20160905,76522.2
20160906,76669.6
20160907,76742.2
20160910,76640.3
20160911,76643.9
20160913,76444.2
20160914,76455.4
20160917,76104.9
20160918,76166.7
20160919,76272.6
20160921,76450.9
20160924,76906.9
20160925,77081.5
20160926,77089.8
20160927,77143.1
20160928,77300.3
20161001,77478.8
20161002,77287.6
20161003,77265.3
20161004,77335.3
20161005,77183
20161008,77217
20161009,77435.8
20161010,77655.1
20161015,77886.4
20161016,77569.1
20161017,77707.2
20161018,77849.5
20161019,78091.5
20161022,78387.2
20161023,78370.3
20161024,78568.8
20161025,78808.8
20161026,79299.6
20161029,80340.7
20161030,80339.2
20161031,80263.7
20161101,79659.2
20161102,79670.9
20161105,79253.5
20161106,79137.5
20161107,79632.3
20161108,79871.4
20161109,78411.6
20161112,79010.7
20161113,79048.5
20161114,79341.5
20161115,79236.2
20161116,79268.4
20161119,79278.6
20161121,79318.9
20161122,79393.8
20161123,79385.6
20161126,79541.4
20161127,79625.9
20161129,80018.6
20161203,80058.8
20161204,80063.7
20161205,80081.2
20161206,80830.5
20161207,81341.6
20161210,81250.5
20161211,80925.9
20161212,80915.5
20161213,80741.2
20161214,80683.6
20161218,80709
20161219,80413.1
20161220,80122.7
20161221,80250
20161224,80161.2
20161225,79898.9
20161226,79966.5
20161227,79800.8
20161228,79691.8
20161231,79486.6
20170101,78896
20170102,78968.9
20170103,78983.7
20170104,78990.3
20170107,78826.5
20170108,78833.4
20170109,78609.5
20170111,78622
20170114,78876.2
20170115,79073.2
20170116,79084.2
20170117,79280.4
20170118,79382.2
20170121,79206.6
20170122,79218
20170123,79263.5
20170124,78249.1
20170125,78049
20170128,77714.1
20170129,77707.3
20170130,77961.4
20170131,77975.4
20170201,77414.9
20170204,76825.7
20170205,76616
20170206,76678.7
20170207,76766
20170208,76792.8
20170211,76816.8
20170212,76827.7
20170213,76975.5
20170214,77000.2
20170215,77189.7
20170218,77599.1
20170219,77658.6
20170220,77698.2
20170221,77800.2
20170222,77847.2
20170225,77863.5
20170226,77574.7
20170227,77590.7
20170228,77602.3
20170301,77475.2
20170304,77135.1
20170305,76766.9
20170306,76789.7
20170307,76800.4
20170308,76285.5
20170311,76315.6
20170312,76329
20170313,76332
20170314,76639
20170315,76737.9
20170318,77230
20170325,77485.8
20170326,77502.9
20170327,77523.3
20170328,77548.5
20170329,77584.4
20170403,77616.8
20170404,77647.1
20170405,77689.9
20170408,77804.7
20170409,77860.4
20170410,78107.8
20170412,78132.4
20170415,78383.3
20170416,78471.7
20170417,78247.5
20170418,78339.8
20170419,78651.4
20170422,79302.7
20170423,79390.6
20170424,79425.9
20170426,79596.9
20170429,79755.6
20170430,79785
20170501,79826.6
20170502,79942.1
20170503,79969.2
20170506,79697.4
20170507,79660.9
20170508,79744.1
20170509,79858.8
20170510,80127.1
20170513,80142
20170514,79963
20170515,79957.5
20170516,80129.3
20170517,80344.2
20170520,81077.6
20170521,81194
20170522,81124.4
20170523,81124.4
20170524,81146.2
20170527,80921.2
20170528,80713.2
20170529,80607.9
20170530,80511.5
20170531,80513.3
20170603,80288.9
20170606,80293.5
20170607,79758.5
20170610,79855.7
20170611,79870.7
20170612,79564.1
20170613,79426.9
20170614,79465.7
20170617,79285
20170618,78990.4
20170619,78859.2
20170620,78867.5
20170621,78736.2
20170624,78652.7
20170625,78665.5
20170628,78704.5
20170701,78799.7
20170702,78765.3
20170703,78659.2
20170704,78632.5
20170705,78700.2
20170708,78881.6
20170709,78985.4
20170710,79377
20170711,79490.4
20170712,79509.6
20170715,79658.9
20170716,79620.8
20170717,79692.9
20170718,79735.7
20170719,80162.5
20170722,80670.8
20170723,80863
20170724,80933.9
20170725,81181.7
20170726,81509.3
20170729,81420.9
20170730,81491.4
20170731,81533.5
20170801,81415.9
20170802,81265.9
20170806,81384.1
20170807,81285.7
20170808,81313.9
20170809,81579.3
20170812,81763.1
20170813,81661.5
20170814,81659.3
20170815,81696.3
20170816,81741.9
20170819,81954.9
20170820,82016.2
20170821,82075
20170822,82372.4
20170823,82541.8
20170826,82897.1
20170827,82885
20170828,83012.1
20170829,83252
20170830,83272.9
20170902,83428.2
20170903,83345.2
20170904,83452.1
20170905,83733.5
20170906,83675.3
20170910,83255.7
20170911,83369.1
20170912,83469.2
20170913,83523.8
20170916,83683.2
20170917,83916.6
20170918,84414.5
20170919,85343.9
20170920,85831.8
20170923,85798.4
20170924,85588.8
20170925,85516.9
20170926,85628.8
20170927,85819
20171002,85514.9
20171003,85355
20171004,85429.5
20171007,85069.5
20171008,84564.9
20171009,84611.6
20171010,84734.4
20171011,84744.1
20171014,85263.6
20171015,85394.9
20171016,85590.7
20171017,85660
20171018,85768
20171021,86430.5
20171022,86480.2
20171023,86346.2
20171024,86529.2
20171025,86636.8
20171028,86935.4
20171029,87416.6
20171030,87477.2
20171031,87649.9
20171101,87844.9
20171104,87868.6
20171105,87905.1
20171106,87843.7
20171107,87883.1
20171108,87897.4
20171111,87795.2
20171112,87744.7
20171113,87832.5
20171114,87949.8
20171115,88005.9
20171118,88202.3
20171120,88261.2
20171121,88774.6
20171122,89339.1
20171125,90469.5
20171126,90655.5
20171128,91255.2
20171129,91152.2
20171202,91296.7
20171203,90951.8
20171204,90936.6
20171205,91092.2
20171209,91160.3
20171210,91198.9
20171211,91552.4
20171212,92628.9
20171213,93283.7
20171214,93283.6
20171215,93283.6
20171216,94606.4
20171217,95600.7
20171218,95477.4
20171219,95590.6
20171220,95508.6
20171223,96816
20171224,97529.3
20171225,98358.4
20171226,98152.7
20171227,97899.1
20171230,97211.4
20171231,95561.5
20180101,96207.9
20180102,96241.2
20180103,95929.4
20180106,96270.3
20180107,96234.5
20180108,96332.5
20180109,96149.2
20180110,96185.9
20180113,96627.5
20180114,97228.6
20180115,97944
20180116,98596.9
20180117,98923.5
20180120,98817.2
20180121,98221
20180122,98628.4
20180123,99224.7
20180124,99522.1
20180127,99355.5
20180128,99414.5
20180129,99046.1
20180130,98557.8
20180131,98133.5
20180203,97718.8
20180204,97808.1
20180205,98033.5
20180206,97927.5
20180207,98299.7
20180210,97782.7
20180212,97924.7
20180213,98103.3
20180214,98347.9
20180217,98429.6
20180218,98300.6
20180219,98148.5
20180221,98157.3
20180224,98176.9
20180225,98080.2
20180226,98098.5
20180227,98100.8
20180228,97961.7
20180303,97388.7
20180304,97354.3
20180305,97182.6
20180306,96991
20180307,96860.3
20180310,96594.5
20180311,96028.4
20180312,96194.4
20180313,96314.1
20180314,95525.9
20180317,95577.3
20180318,95819.6
20180319,96289.9
20180325,96425.9
20180326,96489.7
20180327,96596.6
20180328,96938.8
20180403,97086.1
20180404,97150.5
20180407,96779.8
20180408,96341.2
20180409,97120.7
20180410,96748
20180411,96287
20180415,95987.5
20180416,95506.2
20180417,95522.7
20180418,95523.8
20180421,95265.8
20180422,94494.2
20180423,94299.5
20180424,94576.3
20180425,94796.1
20180428,94284.4
20180429,93805.5
20180430,93586.9
20180501,93612.1
20180505,93100.6
20180506,92849.9
20180507,93165.9
20180508,93605.8
20180509,93691.1
20180512,93891.1
20180513,94165.8
20180514,94703.4
20180515,94905.9
20180516,94940.2
20180519,95103.1
20180520,95136.4
20180521,95227.4
20180522,95229.9
20180523,95445
20180526,95794
20180527,95626
20180528,95529.6
20180529,95409.6
20180530,95577.6
20180602,95951.9
20180603,95998.8
20180609,96077.1
20180610,95915.9
20180611,95847.4
20180612,96378.7
20180613,99146.2
20180617,102452
20180618,104533.5
20180619,106504.1
20180620,108872.9
20180623,109401.4
20180624,112061.3
20180625,115174.5
20180626,113527.7
20180627,111324.8
20180630,111528.2
20180701,108694.1
20180702,109937.1
20180703,112346.5
20180704,112490
20180707,111051.6
20180708,110851.4
20180710,110849
20180711,109505.1
20180714,108916.6
20180715,108072.3
20180716,108110
20180717,107780.6
20180718,107776.6
20180721,108295.5
20180722,108830.8
20180723,108658.9
20180724,108395.9
20180725,108800.1
20180726,108800.1
20180727,108800.1
20180728,111877.9
20180729,113852.3
20180730,116759.5
20180731,121173.5
20180801,123951.3
20180804,124353.7
20180805,128448
20180806,133646.2
20180807,133584.4
20180808,131521.6
20180811,129013.8
20180812,129901.9
20180813,128522.7
20180814,130927.7
20180815,130476.9
20180818,131535.8
20180819,134354.8
20180820,137072.9
20180821,136910.6
20180825,136343.4
20180826,138582.6
20180827,140309.2
20180828,136765.9
20180829,137472.4
20180901,136109.7
20180902,133676.1
20180903,135257.8
20180904,137983.8
20180905,137714.2
20180908,139628.7
20180909,142234.4
20180910,146998.7
20180911,148577.6
20180912,155061.1
20180915,158119.2
20180916,155710.2
20180917,158071.9
20180918,157328.7
20180922,160538.2
20180923,165072.1
20180924,168624.5
20180925,174618.2
20180926,180635.6
20180929,187406.1
20180930,195104
20181001,195480.2
20181002,188259.4
20181003,185559.3
20181006,184085.2
20181007,176419.4
20181008,175185.5
20181009,180847.6
20181010,181015.7
20181013,175033
20181014,174923.5
20181015,180601.5
20181016,182834.1
20181017,182929.1
20181020,188575.8
20181021,189438
20181022,187778.9
20181023,185318.7
20181024,181060
20181027,178841.3
20181028,180626.9
20181029,183219.5
20181031,183367.3
20181103,183448.8
20181104,182918.6
20181105,184159.8
20181106,185100.4
20181110,184231.1
20181111,180668.3
20181112,182211.7
20181113,183212.2
20181114,181994.3
20181117,178819.3
20181118,173557.7
20181119,175816.5
20181120,176458.7
20181121,175713.2
20181124,171252.9
20181126,166463.5
20181127,167199.8
20181128,163772.1
20181201,159853.8
20181202,163138.5
20181203,166304.4
20181204,165701.7
20181205,166860.1
20181208,167083.2
20181209,166891.2
20181210,166915.9
20181211,166235
20181212,165352.1
20181215,164485.9
20181216,161708.1
20181217,159749.9
20181218,159146.4
20181219,156083.2
20181222,154550.5
20181223,156693.8
20181224,157484
20181225,156950.3
20181226,158443.7
20181229,160774
20181230,161309.8
20181231,161405.3
20190101,161840.8
20190102,160898.9
20190105,161107.4
20190106,161275.8
20190107,162323.6
20190108,163967.2
20190109,164829.4
20190112,164929.9
20190113,164493.8
20190114,164696.4
20190115,165445.5
20190116,165595
20190119,166131.1
20190120,165575.1
20190121,161922.2
20190122,162805.7
20190123,162940.9
20190126,162477.5
20190127,160798
20190128,159818.2
20190129,160153
20190130,160294.9
20190202,159855.4
20190203,157355.4
20190204,158044
20190205,158395
20190206,158535.5
20190210,158467.7
20190212,157972.7
20190213,157311.1
20190216,157113.8
20190217,156155.1
20190218,156705.4
20190219,157387.4
20190220,159489.5
20190223,164267.8
20190224,166030.4
20190225,166793.6
20190226,164711.5
20190227,165294.7
20190302,164370.5
20190303,164443.1
20190304,164238.6
20190305,162593.5
20190306,162827.3
20190309,163007.4
20190310,164470.6
20190311,167371.3
20190312,167909.7
20190313,169115.5
20190316,171125
20190317,172522.7
20190318,175898.8
20190319,178659
20190325,179194.3
20190326,179766.3
20190327,181542.4
20190330,185358
20190331,185281.4
20190406,186535.4
20190407,188073.5
20190408,188592.7
20190409,190425.1
20190410,193978.5
20190413,195202.7
20190414,196084.2
20190415,201805.9
20190416,201890.8
20190417,199911.1
20190420,204375.7
20190422,204321.9
20190423,202857.4
20190424,203777.1
20190427,205287.6
20190428,209243.9
20190429,214867.5
20190430,216642
20190501,220109
20190504,224589.7
20190505,224057.3
20190506,215820.6
20190507,208197.1
20190508,211344
20190511,209155
20190512,204069.4
20190513,207751.7
20190514,211746.3
20190515,211017.9
20190518,212747.6
20190519,212851.5
20190520,211871.7
20190521,215091.8
20190522,215168.5
20190525,214314.3
20190526,217573.9
20190528,223253.8
20190529,224476.8
20190601,222387.4
20190602,224544.3
20190603,226983.4
20190608,226888.3
20190609,229808.9
20190610,230267.9
20190611,230617.7
20190612,233352.7
20190615,234167.7
20190616,238219.9
20190617,238160.7
20190618,237148.2
20190619,234879.4
20190622,233886.1
20190623,237459.9
20190624,242567.9
20190625,245098.7
20190626,248577.8
20190630,248532.9
20190701,247122.5
20190702,248276
20190703,248943.9
20190706,245445.8
20190707,246447.4
20190708,249252.8
20190709,248716.3
20190710,249622.1
20190713,250605
20190714,253577.8
20190715,253303.6
20190716,246268.1
20190717,246790.3
20190720,246437.3
20190721,249661.6
20190722,253056.9
20190723,251278.4
20190724,252864.7
20190727,252275.5
20190728,252324.6
20190729,252488.1
20190730,252898.1
20190731,254445.7
20190803,254453.8
20190804,255530.3
20190805,256698.2
20190806,255512.2
20190807,255163.3
20190810,255306.4
20190811,255876.1
20190813,257097.2
20190814,261391.5
20190817,261405.8
20190818,260992
20190819,262941.2
20190821,266127.2
20190824,269985.9
20190825,269225.3
20190826,274871.6
20190827,278469.9
20190828,278674.9
20190831,284139.2
20190901,286114.7
20190902,283062.7
20190903,285573.6
20190904,290178.4
20190907,294601.6
20190908,296731.8
20190911,299930.6
20190914,304460.1
20190915,302395.7
20190916,305917.2
20190917,302082
20190918,294166.7
20190921,297712.6
20190922,302103.5
20190923,311471.4
20190924,312206.5
20190925,314409.2
20190928,320023.9
20190929,318250.6
20190930,324705.9
20191001,326104.5
20191002,326117
20191005,327305.7
20191006,320208.3
20191007,320909.7
20191008,314469.8
20191009,313049
20191012,322059.8
20191013,326190.7
20191014,319871.5
20191015,308978.9
20191016,309640.2
20191020,301391.1
20191021,302173.1
20191022,308314.9
20191023,305807.6
20191026,303449.8
20191028,305969.9
20191030,309660.8
20191102,308730.2
20191103,308960.8
20191104,304676.5
20191105,305333.4
20191109,305858.9
20191110,302795.1
20191111,303944.2
20191112,306655.5
20191113,307094.1
20191116,306885.8
20191117,302340.7
20191118,302726.1
20191119,304688.3
20191120,304996.9
20191123,305622.5
20191124,305774.4
20191125,308477.2
20191126,309643.6
20191127,311230
20191130,314587.8
20191201,318670.5
20191202,320194.8
20191203,320814.4
20191204,322528
20191207,327624.8
20191208,332567.2
20191209,335792
20191210,339434.4
20191211,339386.6
20191214,343291.8
20191215,344115.1
20191216,344487.4
20191217,346870.7
20191218,350322.6
20191221,353996.7
20191222,356721.1
20191223,359365.5
20191224,362259.3
20191225,361088.4
20191228,367632.1
20191229,369729.9
20191230,375547.7
20191231,377012.7
20200101,384099.6
20200104,367334
20200105,365815.5
20200107,358843.2
20200108,353807.5
20200111,359807.1
20200112,375650.2
20200113,392038.4
20200114,395912.6
20200115,399445.3
20200118,409962.4
20200119,410694.5
20200120,409807.8
20200121,406008.9
20200122,411211.5
20200125,417001.9
20200126,418312.5
20200127,420668.1
20200128,427139.4
20200201,426184.9
20200202,428217
